Name,EDIPI,Last Logon
Erica McRae,7810038022,2025-11-02 18:59:17
Natalie Bradford,9326918682,2025-09-30 16:19:36
Sierra Rowe,5205309144,2025-10-04 16:39:23
Henry Hargrove,9688969409,2025-11-01 14:21:10
Samuel Brooks,5957376574,2025-10-31 14:25:37
Michelle Brooks,7595663412,2025-10-03 10:36:21
Monica Ford,0802829100,2025-11-18 00:26:24
Chloe Ford,0459019990,2025-11-18 16:17:31
Leon Thompson,2388815515,2025-10-17 18:55:18
Monica Alvarez,3239606721,2025-11-15 15:07:27
Vanessa Owens,1286709037,2025-10-14 19:02:59
Trevor Jameson,3122305751,2025-11-14 03:36:22
Katherine Stewart,7762141351,2025-11-01 03:19:42
Patrick Sharp,8226093932,2025-11-07 17:57:12
Jacob Harper,0221914763,2025-09-29 19:01:35
Tanya Rowe,7961513703,2025-10-06 06:56:34
Katherine Jennings,1310529186,2025-10-27 04:28:02
Tyler Reeves,1133881317,2025-10-16 16:04:44
Chloe Harper,3672778019,2025-09-27 09:18:38
Kayla Everett,6050511235,2025-11-03 09:51:02
Derek Stewart,5178084357,2025-10-18 22:18:35
Patrick Grant,2909384636,2025-11-07 22:24:33
Erica Hill,9177366667,2025-10-29 20:11:22
Monica Stewart,3115518839,2025-10-30 13:27:03
Maria Ford,9832257909,2025-11-15 10:36:53
Emily McRae,9986743605,2025-11-18 12:11:34
Monica Sanchez,7357566397,2025-10-17 12:36:17
Patrick Jenkins,0684939860,2025-10-15 00:14:40
Sydney Sanchez,8090631709,2025-10-16 06:56:28
Isaac Hayes,6477013670,2025-10-10 03:13:21
Sierra West,7926429848,2025-10-18 11:28:08
Rachel Alvarez,2310208063,2025-10-23 08:42:06
Cameron Jameson,5882271906,2025-10-25 22:08:46
Gabrielle Grant,1274435841,2025-09-28 19:28:50
Rachel Price,9417832771,2025-10-29 12:58:19
Marcus Jameson,9905302233,2025-10-28 19:57:52
Jacob Sharp,3489423584,2025-10-12 10:29:32
Alex Whitaker,5130139961,2025-10-10 11:27:33
Hailey Hayes,8562644820,2025-10-04 05:38:03
Jenna Bradford,0058888668,2025-10-30 12:54:26
Samuel West,6758183029,2025-11-22 19:55:19
Chloe Kirk,3915943031,2025-11-09 21:59:43
Samuel Stewart,9380800378,2025-10-22 04:55:11
James Foster,8124110891,2025-10-20 22:50:55
Tanya Hill,5032991337,2025-11-17 07:55:02
Alyssa Douglas,5090364811,2025-10-16 02:12:46
Rachel Harper,9860372161,2025-11-16 10:39:59
Ryan Freeman,3682053912,2025-10-09 19:59:26
Derek Lawrence,4506526714,2025-10-26 16:55:32
Alex Holmes,3188613616,2025-11-19 12:36:29
